"Step","act - train/l1_loss","act - train/l1_loss__MIN","act - train/l1_loss__MAX"
"50","0.34218791127204895","0.34218791127204895","0.34218791127204895"
"100","0.2995586693286896","0.2995586693286896","0.2995586693286896"
"150","0.2399159073829651","0.2399159073829651","0.2399159073829651"
"200","0.20213444530963898","0.20213444530963898","0.20213444530963898"
"250","0.1791827380657196","0.1791827380657196","0.1791827380657196"
"300","0.14666776359081268","0.14666776359081268","0.14666776359081268"
"350","0.14249292016029358","0.14249292016029358","0.14249292016029358"
"400","0.13672325015068054","0.13672325015068054","0.13672325015068054"
"450","0.12955665588378906","0.12955665588378906","0.12955665588378906"
"500","0.13527651131153107","0.13527651131153107","0.13527651131153107"
"550","0.1195855587720871","0.1195855587720871","0.1195855587720871"
"600","0.11869475245475769","0.11869475245475769","0.11869475245475769"
"650","0.11219522356987","0.11219522356987","0.11219522356987"
"700","0.11237840354442596","0.11237840354442596","0.11237840354442596"
"750","0.10471498966217041","0.10471498966217041","0.10471498966217041"
"800","0.09196414798498154","0.09196414798498154","0.09196414798498154"
"850","0.09020646661520004","0.09020646661520004","0.09020646661520004"
"900","0.09327815473079681","0.09327815473079681","0.09327815473079681"
"950","0.09621682018041611","0.09621682018041611","0.09621682018041611"
"1000","0.07691893726587296","0.07691893726587296","0.07691893726587296"
"1050","0.09098347276449203","0.09098347276449203","0.09098347276449203"
"1100","0.08776434510946274","0.08776434510946274","0.08776434510946274"
"1150","0.0835442915558815","0.0835442915558815","0.0835442915558815"
"1200","0.07582613080739975","0.07582613080739975","0.07582613080739975"
"1250","0.07583357393741608","0.07583357393741608","0.07583357393741608"
"1300","0.07711399346590042","0.07711399346590042","0.07711399346590042"
"1350","0.07946650683879852","0.07946650683879852","0.07946650683879852"
"1400","0.0711546540260315","0.0711546540260315","0.0711546540260315"
"1450","0.07696770876646042","0.07696770876646042","0.07696770876646042"
"1500","0.06608270108699799","0.06608270108699799","0.06608270108699799"
"1550","0.07116568833589554","0.07116568833589554","0.07116568833589554"
"1600","0.06761899590492249","0.06761899590492249","0.06761899590492249"
"1650","0.06328929215669632","0.06328929215669632","0.06328929215669632"
"1700","0.06525573879480362","0.06525573879480362","0.06525573879480362"
"1750","0.05929388850927353","0.05929388850927353","0.05929388850927353"
"1800","0.06456571072340012","0.06456571072340012","0.06456571072340012"
"1850","0.05961405858397484","0.05961405858397484","0.05961405858397484"
"1900","0.06206246465444565","0.06206246465444565","0.06206246465444565"
"1950","0.05898663029074669","0.05898663029074669","0.05898663029074669"
"2000","0.060401398688554764","0.060401398688554764","0.060401398688554764"
"2050","0.06290445476770401","0.06290445476770401","0.06290445476770401"
"2100","0.05698416009545326","0.05698416009545326","0.05698416009545326"
"2150","0.06347909569740295","0.06347909569740295","0.06347909569740295"
"2200","0.05458176136016846","0.05458176136016846","0.05458176136016846"
"2250","0.05679395794868469","0.05679395794868469","0.05679395794868469"
"2300","0.052300140261650085","0.052300140261650085","0.052300140261650085"
"2350","0.05435282737016678","0.05435282737016678","0.05435282737016678"
"2400","0.051892008632421494","0.051892008632421494","0.051892008632421494"
"2450","0.05646228417754173","0.05646228417754173","0.05646228417754173"
"2500","0.05453998222947121","0.05453998222947121","0.05453998222947121"
"2550","0.05089622363448143","0.05089622363448143","0.05089622363448143"
"2600","0.05457155779004097","0.05457155779004097","0.05457155779004097"
"2650","0.05115330219268799","0.05115330219268799","0.05115330219268799"
"2700","0.04952085763216019","0.04952085763216019","0.04952085763216019"
"2750","0.04642581194639206","0.04642581194639206","0.04642581194639206"
"2800","0.050623130053281784","0.050623130053281784","0.050623130053281784"
"2850","0.052748460322618484","0.052748460322618484","0.052748460322618484"
"2900","0.051283687353134155","0.051283687353134155","0.051283687353134155"
"2950","0.043894387781620026","0.043894387781620026","0.043894387781620026"
"3000","0.04794030264019966","0.04794030264019966","0.04794030264019966"
"3050","0.04824616387486458","0.04824616387486458","0.04824616387486458"
"3100","0.04730920493602753","0.04730920493602753","0.04730920493602753"
"3150","0.046064216643571854","0.046064216643571854","0.046064216643571854"
"3200","0.045909881591796875","0.045909881591796875","0.045909881591796875"
"3250","0.048206303268671036","0.048206303268671036","0.048206303268671036"
"3300","0.046386126428842545","0.046386126428842545","0.046386126428842545"
"3350","0.04479160159826279","0.04479160159826279","0.04479160159826279"
"3400","0.04709220305085182","0.04709220305085182","0.04709220305085182"
"3450","0.043281108140945435","0.043281108140945435","0.043281108140945435"
"3500","0.04355084151029587","0.04355084151029587","0.04355084151029587"
"3550","0.045006223022937775","0.045006223022937775","0.045006223022937775"
"3600","0.0449984148144722","0.0449984148144722","0.0449984148144722"
"3650","0.03691122308373451","0.03691122308373451","0.03691122308373451"
"3700","0.04747049883008003","0.04747049883008003","0.04747049883008003"
"3750","0.03914196789264679","0.03914196789264679","0.03914196789264679"
"3800","0.0446401871740818","0.0446401871740818","0.0446401871740818"
"3850","0.04389437288045883","0.04389437288045883","0.04389437288045883"
"3900","0.04635610058903694","0.04635610058903694","0.04635610058903694"
"3950","0.04078193008899689","0.04078193008899689","0.04078193008899689"
"4000","0.042692624032497406","0.042692624032497406","0.042692624032497406"
"4050","0.04171910509467125","0.04171910509467125","0.04171910509467125"
"4100","0.040985025465488434","0.040985025465488434","0.040985025465488434"
"4150","0.033408116549253464","0.033408116549253464","0.033408116549253464"
"4200","0.039855364710092545","0.039855364710092545","0.039855364710092545"
"4250","0.043278589844703674","0.043278589844703674","0.043278589844703674"
"4300","0.036016155034303665","0.036016155034303665","0.036016155034303665"
"4350","0.03836827352643013","0.03836827352643013","0.03836827352643013"
"4400","0.03894967958331108","0.03894967958331108","0.03894967958331108"
"4450","0.03777870908379555","0.03777870908379555","0.03777870908379555"
"4500","0.042312461882829666","0.042312461882829666","0.042312461882829666"
"4550","0.036365799605846405","0.036365799605846405","0.036365799605846405"
"4600","0.03853368014097214","0.03853368014097214","0.03853368014097214"
"4650","0.03833654895424843","0.03833654895424843","0.03833654895424843"
"4700","0.03755709156394005","0.03755709156394005","0.03755709156394005"
"4750","0.03629074990749359","0.03629074990749359","0.03629074990749359"
"4800","0.03689606860280037","0.03689606860280037","0.03689606860280037"
"4850","0.03624754026532173","0.03624754026532173","0.03624754026532173"
"4900","0.03630734607577324","0.03630734607577324","0.03630734607577324"
"4950","0.03419828414916992","0.03419828414916992","0.03419828414916992"
"5000","0.03439851105213165","0.03439851105213165","0.03439851105213165"